D:/Sahid_Development/MeruCabsBookingApplication/data/facerec/Faces/Sajiv/SA1.pgm;0
D:/Sahid_Development/MeruCabsBookingApplication/data/facerec/Faces/Sajiv/SA2.pgm;0
D:/Sahid_Development/MeruCabsBookingApplication/data/facerec/Faces/Sajiv/SA3.pgm;0
D:/Sahid_Development/MeruCabsBookingApplication/data/facerec/Faces/Sajiv/George/G1.pgm;1
D:/Sahid_Development/MeruCabsBookingApplication/data/facerec/Faces/Sajiv/George/G2.pgm;1
D:/Sahid_Development/MeruCabsBookingApplication/data/facerec/Faces/Sajiv/George/G3.pgm;1
D:/Sahid_Development/MeruCabsBookingApplication/data/facerec/Faces/Sajiv/George/G4.pgm;1
D:/Sahid_Development/MeruCabsBookingApplication/data/facerec/Faces/Sajiv/George/G5.pgm;1
D:/Sahid_Development/MeruCabsBookingApplication/data/facerec/Faces/Sajiv/George/G6.pgm;1
D:/Sahid_Development/MeruCabsBookingApplication/data/facerec/Faces/Sajiv/S1.pgm;2
D:/Sahid_Development/MeruCabsBookingApplication/data/facerec/Faces/Sajiv/S2.pgm;2
D:/Sahid_Development/MeruCabsBookingApplication/data/facerec/Faces/Sajiv/S3.pgm;2
D:/Sahid_Development/MeruCabsBookingApplication/data/facerec/Faces/Sajiv/A1.pgm;3
D:/Sahid_Development/MeruCabsBookingApplication/data/facerec/Faces/Sajiv/A2.pgm;3
D:/Sahid_Development/MeruCabsBookingApplication/data/facerec/Faces/Sajiv/A3.pgm;3
D:/Sahid_Development/MeruCabsBookingApplication/data/facerec/Faces/Sajiv/Narendra/NM1.pgm;4
D:/Sahid_Development/MeruCabsBookingApplication/data/facerec/Faces/Sajiv/Narendra/NM2.pgm;4
D:/Sahid_Development/MeruCabsBookingApplication/data/facerec/Faces/Sajiv/Narendra/NM3.pgm;4
D:/Sahid_Development/MeruCabsBookingApplication/data/facerec/Faces/Sajiv/Narendra/NM4.pgm;4
D:/Sahid_Development/MeruCabsBookingApplication/data/facerec/Faces/Sajiv/Narendra/NM5.pgm;4
D:/Sahid_Development/MeruCabsBookingApplication/data/facerec/Faces/Sajiv/Narendra/NM6.pgm;4