D:/Sahid_Development/MeruCabsBookingApplication/data/facerec/Faces/0/001.jpg;0
D:/Sahid_Development/MeruCabsBookingApplication/data/facerec/Faces/0/002.jpg;0
D:/Sahid_Development/MeruCabsBookingApplication/data/facerec/Faces/0/003.jpg;0
D:/Sahid_Development/MeruCabsBookingApplication/data/facerec/Faces/0/004.jpg;0
D:/Sahid_Development/MeruCabsBookingApplication/data/facerec/Faces/0/005.jpg;0
D:/Sahid_Development/MeruCabsBookingApplication/data/facerec/Faces/0/006.jpg;0
D:/Sahid_Development/MeruCabsBookingApplication/data/facerec/Faces/0/007.jpg;0
D:/Sahid_Development/MeruCabsBookingApplication/data/facerec/Faces/0/008.jpg;0
D:/Sahid_Development/MeruCabsBookingApplication/data/facerec/Faces/0/009.jpg;0
D:/Sahid_Development/MeruCabsBookingApplication/data/facerec/Faces/0/010.jpg;0
D:/Sahid_Development/MeruCabsBookingApplication/data/facerec/Faces/0/011.jpg;0
D:/Sahid_Development/MeruCabsBookingApplication/data/facerec/Faces/0/012.jpg;0
D:/Sahid_Development/MeruCabsBookingApplication/data/facerec/Faces/0/013.jpg;0
D:/Sahid_Development/MeruCabsBookingApplication/data/facerec/Faces/0/014.jpg;0
D:/Sahid_Development/MeruCabsBookingApplication/data/facerec/Faces/1/1.jpg;1
D:/Sahid_Development/MeruCabsBookingApplication/data/facerec/Faces/1/2.jpg;1
D:/Sahid_Development/MeruCabsBookingApplication/data/facerec/Faces/1/3.jpg;1
D:/Sahid_Development/MeruCabsBookingApplication/data/facerec/Faces/1/4.jpg;1
D:/Sahid_Development/MeruCabsBookingApplication/data/facerec/Faces/1/5.jpg;1
D:/Sahid_Development/MeruCabsBookingApplication/data/facerec/Faces/1/6.jpg;1
D:/Sahid_Development/MeruCabsBookingApplication/data/facerec/Faces/1/7.jpg;1
D:/Sahid_Development/MeruCabsBookingApplication/data/facerec/Faces/1/8.jpg;1
D:/Sahid_Development/MeruCabsBookingApplication/data/facerec/Faces/1/9.jpg;1
D:/Sahid_Development/MeruCabsBookingApplication/data/facerec/Faces/1/10.jpg;1
D:/Sahid_Development/MeruCabsBookingApplication/data/facerec/Faces/1/11.jpg;1
D:/Sahid_Development/MeruCabsBookingApplication/data/facerec/Faces/1/12.jpg;1
D:/Sahid_Development/MeruCabsBookingApplication/data/facerec/Faces/1/13.jpg;1
D:/Sahid_Development/MeruCabsBookingApplication/data/facerec/Faces/1/14.jpg;1
D:/Sahid_Development/MeruCabsBookingApplication/data/facerec/Faces/1/15.jpg;1
D:/Sahid_Development/MeruCabsBookingApplication/data/facerec/Faces/1/16.jpg;1
D:/Sahid_Development/MeruCabsBookingApplication/data/facerec/Faces/1/17.jpg;1
D:/Sahid_Development/MeruCabsBookingApplication/data/facerec/Faces/1/18.jpg;1
D:/Sahid_Development/MeruCabsBookingApplication/data/facerec/Faces/1/19.jpg;1
D:/Sahid_Development/MeruCabsBookingApplication/data/facerec/Faces/1/20.jpg;1
D:/Sahid_Development/MeruCabsBookingApplication/data/facerec/Faces/2/1.jpg;3
D:/Sahid_Development/MeruCabsBookingApplication/data/facerec/Faces/2/2.jpg;3
D:/Sahid_Development/MeruCabsBookingApplication/data/facerec/Faces/2/3.jpg;3
D:/Sahid_Development/MeruCabsBookingApplication/data/facerec/Faces/2/4.jpg;3
D:/Sahid_Development/MeruCabsBookingApplication/data/facerec/Faces/2/5.jpg;3
D:/Sahid_Development/MeruCabsBookingApplication/data/facerec/Faces/2/6.jpg;3
D:/Sahid_Development/MeruCabsBookingApplication/data/facerec/Faces/2/7.jpg;3
D:/Sahid_Development/MeruCabsBookingApplication/data/facerec/Faces/2/8.jpg;3
D:/Sahid_Development/MeruCabsBookingApplication/data/facerec/Faces/2/9.jpg;3
D:/Sahid_Development/MeruCabsBookingApplication/data/facerec/Faces/2/10.jpg;3
