D:/Sahid_Development/MeruCabsBookingApplication/data/facerec/Faces/0/1.jpg;6
D:/Sahid_Development/MeruCabsBookingApplication/data/facerec/Faces/0/2.jpg;6
D:/Sahid_Development/MeruCabsBookingApplication/data/facerec/Faces/0/3.jpg;6
D:/Sahid_Development/MeruCabsBookingApplication/data/facerec/Faces/0/4.jpg;6
D:/Sahid_Development/MeruCabsBookingApplication/data/facerec/Faces/0/5.jpg;6
D:/Sahid_Development/MeruCabsBookingApplication/data/facerec/Faces/0/6.jpg;6
D:/Sahid_Development/MeruCabsBookingApplication/data/facerec/Faces/0/7.jpg;6
D:/Sahid_Development/MeruCabsBookingApplication/data/facerec/Faces/0/8.jpg;6
D:/Sahid_Development/MeruCabsBookingApplication/data/facerec/Faces/0/9.jpg;6
D:/Sahid_Development/MeruCabsBookingApplication/data/facerec/Faces/0/10.jpg;6
D:/Sahid_Development/MeruCabsBookingApplication/data/facerec/Faces/0/11.jpg;6
D:/Sahid_Development/MeruCabsBookingApplication/data/facerec/Faces/0/12.jpg;6
D:/Sahid_Development/MeruCabsBookingApplication/data/facerec/Faces/0/13.jpg;6
D:/Sahid_Development/MeruCabsBookingApplication/data/facerec/Faces/0/14.jpg;6
D:/Sahid_Development/MeruCabsBookingApplication/data/facerec/Faces/0/15.jpg;6
D:/Sahid_Development/MeruCabsBookingApplication/data/facerec/Faces/0/16.jpg;6
D:/Sahid_Development/MeruCabsBookingApplication/data/facerec/Faces/0/17.jpg;6
D:/Sahid_Development/MeruCabsBookingApplication/data/facerec/Faces/0/18.jpg;6
D:/Sahid_Development/MeruCabsBookingApplication/data/facerec/Faces/0/19.jpg;6
D:/Sahid_Development/MeruCabsBookingApplication/data/facerec/Faces/0/20.jpg;6
D:/Sahid_Development/MeruCabsBookingApplication/data/facerec/Faces/0/21.jpg;6
D:/Sahid_Development/MeruCabsBookingApplication/data/facerec/Faces/0/22.jpg;6
D:/Sahid_Development/MeruCabsBookingApplication/data/facerec/Faces/0/23.jpg;6
D:/Sahid_Development/MeruCabsBookingApplication/data/facerec/Faces/0/24.jpg;6
D:/Sahid_Development/MeruCabsBookingApplication/data/facerec/Faces/0/25.jpg;6
D:/Sahid_Development/MeruCabsBookingApplication/data/facerec/Faces/0/26.jpg;6
D:/Sahid_Development/MeruCabsBookingApplication/data/facerec/Faces/0/27.jpg;6
D:/Sahid_Development/MeruCabsBookingApplication/data/facerec/Faces/0/28.jpg;6
D:/Sahid_Development/MeruCabsBookingApplication/data/facerec/Faces/0/29.jpg;6
D:/Sahid_Development/MeruCabsBookingApplication/data/facerec/Faces/0/30.jpg;6
D:/Sahid_Development/MeruCabsBookingApplication/data/facerec/Faces/1/1.jpg;12
D:/Sahid_Development/MeruCabsBookingApplication/data/facerec/Faces/1/2.jpg;12
D:/Sahid_Development/MeruCabsBookingApplication/data/facerec/Faces/1/3.jpg;12
D:/Sahid_Development/MeruCabsBookingApplication/data/facerec/Faces/1/4.jpg;12
D:/Sahid_Development/MeruCabsBookingApplication/data/facerec/Faces/1/5.jpg;12
D:/Sahid_Development/MeruCabsBookingApplication/data/facerec/Faces/1/6.jpg;12
D:/Sahid_Development/MeruCabsBookingApplication/data/facerec/Faces/1/7.jpg;12
D:/Sahid_Development/MeruCabsBookingApplication/data/facerec/Faces/1/8.jpg;12
D:/Sahid_Development/MeruCabsBookingApplication/data/facerec/Faces/1/9.jpg;12
D:/Sahid_Development/MeruCabsBookingApplication/data/facerec/Faces/1/10.jpg;12
D:/Sahid_Development/MeruCabsBookingApplication/data/facerec/Faces/1/11.jpg;12
D:/Sahid_Development/MeruCabsBookingApplication/data/facerec/Faces/1/12.jpg;12
D:/Sahid_Development/MeruCabsBookingApplication/data/facerec/Faces/1/13.jpg;12
D:/Sahid_Development/MeruCabsBookingApplication/data/facerec/Faces/1/14.jpg;12
D:/Sahid_Development/MeruCabsBookingApplication/data/facerec/Faces/1/15.jpg;12
D:/Sahid_Development/MeruCabsBookingApplication/data/facerec/Faces/1/16.jpg;12
D:/Sahid_Development/MeruCabsBookingApplication/data/facerec/Faces/1/17.jpg;12
D:/Sahid_Development/MeruCabsBookingApplication/data/facerec/Faces/1/18.jpg;12
D:/Sahid_Development/MeruCabsBookingApplication/data/facerec/Faces/1/19.jpg;12
D:/Sahid_Development/MeruCabsBookingApplication/data/facerec/Faces/1/20.jpg;12
D:/Sahid_Development/MeruCabsBookingApplication/data/facerec/Faces/1/21.jpg;12
D:/Sahid_Development/MeruCabsBookingApplication/data/facerec/Faces/1/22.jpg;12
D:/Sahid_Development/MeruCabsBookingApplication/data/facerec/Faces/1/23.jpg;12
D:/Sahid_Development/MeruCabsBookingApplication/data/facerec/Faces/1/24.jpg;12
D:/Sahid_Development/MeruCabsBookingApplication/data/facerec/Faces/1/25.jpg;12
D:/Sahid_Development/MeruCabsBookingApplication/data/facerec/Faces/1/26.jpg;12
D:/Sahid_Development/MeruCabsBookingApplication/data/facerec/Faces/1/27.jpg;12
D:/Sahid_Development/MeruCabsBookingApplication/data/facerec/Faces/1/28.jpg;12
D:/Sahid_Development/MeruCabsBookingApplication/data/facerec/Faces/1/29.jpg;12
D:/Sahid_Development/MeruCabsBookingApplication/data/facerec/Faces/1/30.jpg;12
D:/Sahid_Development/MeruCabsBookingApplication/data/facerec/Faces/3/1.jpg;24
D:/Sahid_Development/MeruCabsBookingApplication/data/facerec/Faces/3/2.jpg;24
D:/Sahid_Development/MeruCabsBookingApplication/data/facerec/Faces/3/3.jpg;24
D:/Sahid_Development/MeruCabsBookingApplication/data/facerec/Faces/3/4.jpg;24
D:/Sahid_Development/MeruCabsBookingApplication/data/facerec/Faces/3/5.jpg;24
D:/Sahid_Development/MeruCabsBookingApplication/data/facerec/Faces/3/6.jpg;24
D:/Sahid_Development/MeruCabsBookingApplication/data/facerec/Faces/3/7.jpg;24
D:/Sahid_Development/MeruCabsBookingApplication/data/facerec/Faces/3/8.jpg;24
D:/Sahid_Development/MeruCabsBookingApplication/data/facerec/Faces/3/9.jpg;24
D:/Sahid_Development/MeruCabsBookingApplication/data/facerec/Faces/3/10.jpg;24
D:/Sahid_Development/MeruCabsBookingApplication/data/facerec/Faces/3/11.jpg;24
D:/Sahid_Development/MeruCabsBookingApplication/data/facerec/Faces/3/12.jpg;24
D:/Sahid_Development/MeruCabsBookingApplication/data/facerec/Faces/3/13.jpg;24
D:/Sahid_Development/MeruCabsBookingApplication/data/facerec/Faces/3/14.jpg;24
D:/Sahid_Development/MeruCabsBookingApplication/data/facerec/Faces/3/15.jpg;24
D:/Sahid_Development/MeruCabsBookingApplication/data/facerec/Faces/3/16.jpg;24
D:/Sahid_Development/MeruCabsBookingApplication/data/facerec/Faces/3/17.jpg;24
D:/Sahid_Development/MeruCabsBookingApplication/data/facerec/Faces/3/18.jpg;24
D:/Sahid_Development/MeruCabsBookingApplication/data/facerec/Faces/3/19.jpg;24